{
  "cooperation_rate": 0.024276377217553692,
  "exploitation_resistance": 0.4576199230210972,
  "pareto_efficiency": 0.3585434173669468,
  "fairness_index": 0.616065459723591,
  "adaptability": 0.012669119935555922,
  "strategic_reasoning": 0.2938348594529489
}