{
  "cooperation_rate": 0.02521008403361344,
  "exploitation_resistance": 0.49746152315182307,
  "pareto_efficiency": 0.3949579831932773,
  "fairness_index": 0.5946886467505725,
  "adaptability": 0.008714596949891068,
  "strategic_reasoning": 0.30420656681583547
}