{
  "cooperation_rate": 0.014005602240896356,
  "exploitation_resistance": 0.37335317174822924,
  "pareto_efficiency": 0.37815126050420167,
  "fairness_index": 0.5948820895269693,
  "adaptability": 0.009300452207026601,
  "strategic_reasoning": 0.27393851524546464
}