{
  "cooperation_rate": 0.0569561157796452,
  "exploitation_resistance": 0.4297754777443076,
  "pareto_efficiency": 0.29411764705882354,
  "fairness_index": 0.5040081332817234,
  "adaptability": 0.01376759854268505,
  "strategic_reasoning": 0.25972499448143693
}