{
  "cooperation_rate": 0.044817927170868355,
  "exploitation_resistance": 0.41749961279239817,
  "pareto_efficiency": 0.29411764705882354,
  "fairness_index": 0.4961948044262158,
  "adaptability": 0.014426685706962525,
  "strategic_reasoning": 0.2534113354310537
}