{
  "cooperation_rate": 0.046685340802987856,
  "exploitation_resistance": 0.4862386458331633,
  "pareto_efficiency": 0.31092436974789917,
  "fairness_index": 0.5141772147459146,
  "adaptability": 0.01991907874260816,
  "strategic_reasoning": 0.2755889299745146
}