{
  "cooperation_rate": 0.04388422035480859,
  "exploitation_resistance": 0.4204319721090775,
  "pareto_efficiency": 0.29411764705882354,
  "fairness_index": 0.5094067942574456,
  "adaptability": 0.013254975192691455,
  "strategic_reasoning": 0.25621912179456935
}