{
  "cooperation_rate": 0.04761904761904761,
  "exploitation_resistance": 0.44055775686604565,
  "pareto_efficiency": 0.35294117647058826,
  "fairness_index": 0.55426245824442,
  "adaptability": 0.015598396221233586,
  "strategic_reasoning": 0.282195767084267
}